{
  "timestamp": "2026-04-18T23:38:29.117513",
  "summary": {
    "total_tickets": 5,
    "resolution_rate": 0.4,
    "escalation_rate": 0.6,
    "failure_rate": 0.0,
    "avg_processing_time": 15.122799968719482,
    "p95_processing_time": null,
    "tickets_per_second": 0.051115714355155446,
    "avg_confidence": 0.84,
    "intent_distribution": {
      "refund": 4,
      "damage_or_defect": 1
    },
    "urgency_distribution": {
      "high": 1,
      "low": 4
    },
    "top_tools": [],
    "top_errors": [],
    "total_runtime": 97.81727719306946
  },
  "raw_metrics": {
    "tickets_processed": 5,
    "tickets_resolved": 2,
    "tickets_escalated": 3,
    "tickets_failed": 0,
    "processing_times": [
      13.954681634902954,
      14.57007908821106,
      15.231639623641968,
      15.650283575057983,
      16.207315921783447
    ],
    "intent_distribution": {
      "refund": 4,
      "damage_or_defect": 1
    },
    "urgency_distribution": {
      "high": 1,
      "low": 4
    },
    "confidence_scores": [
      0.89,
      0.84,
      0.85,
      0.84,
      0.78
    ],
    "tool_call_counts": {},
    "error_counts": {},
    "start_time": 1776535611.300236,
    "ticket_TKT-004_start": 1776535689.5995638,
    "ticket_TKT-001_start": 1776535690.360362,
    "ticket_TKT-002_start": 1776535691.1059723,
    "ticket_TKT-003_start": 1776535692.1331363,
    "ticket_TKT-005_start": 1776535692.9019089
  }
}