{
  "timestamp": "2026-04-18T23:19:05.232605",
  "summary": {
    "total_tickets": 20,
    "resolution_rate": 0.65,
    "escalation_rate": 0.35,
    "failure_rate": 0.0,
    "avg_processing_time": 11.704427826404572,
    "p95_processing_time": 14.663995134830476,
    "tickets_per_second": 0.14666933219031864,
    "avg_confidence": 0.7925,
    "intent_distribution": {
      "refund": 12,
      "clarification": 1,
      "damage_or_defect": 4,
      "cancellation": 2,
      "shipping_status": 1
    },
    "urgency_distribution": {
      "high": 2,
      "low": 18
    },
    "top_tools": [],
    "top_errors": [],
    "total_runtime": 136.3611581325531
  },
  "raw_metrics": {
    "tickets_processed": 20,
    "tickets_resolved": 13,
    "tickets_escalated": 7,
    "tickets_failed": 0,
    "processing_times": [
      12.508611679077148,
      13.301255464553833,
      13.840559005737305,
      14.297963380813599,
      14.683259963989258,
      9.099755764007568,
      9.918933629989624,
      10.668899536132812,
      11.516175270080566,
      12.143638610839844,
      9.609572172164917,
      10.276716709136963,
      11.013108968734741,
      11.791084289550781,
      12.52989149093628,
      9.782551765441895,
      10.599000453948975,
      11.335450172424316,
      12.197790145874023,
      12.974338054656982
    ],
    "intent_distribution": {
      "refund": 12,
      "clarification": 1,
      "damage_or_defect": 4,
      "cancellation": 2,
      "shipping_status": 1
    },
    "urgency_distribution": {
      "high": 2,
      "low": 18
    },
    "confidence_scores": [
      0.89,
      0.55,
      0.89,
      0.84,
      0.85,
      0.84,
      0.78,
      0.72,
      0.85,
      0.84,
      0.85,
      0.95,
      0.94,
      0.85,
      0.88,
      0.84,
      0.35,
      0.7,
      0.72,
      0.72
    ],
    "tool_call_counts": {},
    "error_counts": {},
    "start_time": 1776534408.871447,
    "ticket_TKT-004_start": 1776534483.4880848,
    "ticket_TKT-018_start": 1776534484.184041,
    "ticket_TKT-011_start": 1776534484.8517907,
    "ticket_TKT-001_start": 1776534485.6137395,
    "ticket_TKT-002_start": 1776534486.4496865,
    "ticket_TKT-003_start": 1776534501.1329465,
    "ticket_TKT-005_start": 1776534501.6153867,
    "ticket_TKT-006_start": 1776534502.1076958,
    "ticket_TKT-007_start": 1776534502.5980177,
    "ticket_TKT-008_start": 1776534503.1963577,
    "ticket_TKT-009_start": 1776534515.3399963,
    "ticket_TKT-010_start": 1776534515.9416285,
    "ticket_TKT-012_start": 1776534516.4678912,
    "ticket_TKT-013_start": 1776534516.9891653,
    "ticket_TKT-014_start": 1776534517.5369985,
    "ticket_TKT-015_start": 1776534530.0703757,
    "ticket_TKT-016_start": 1776534530.6719947,
    "ticket_TKT-017_start": 1776534531.2263908,
    "ticket_TKT-019_start": 1776534531.7124805,
    "ticket_TKT-020_start": 1776534532.2551575
  }
}