{
  "timestamp": "2026-04-18T22:30:01.608355",
  "summary": {
    "total_tickets": 5,
    "resolution_rate": 0.4,
    "escalation_rate": 0.6,
    "failure_rate": 0.0,
    "avg_processing_time": 12.143631649017333,
    "p95_processing_time": null,
    "tickets_per_second": 0.0026773267860609167,
    "avg_confidence": 0.84,
    "intent_distribution": {
      "refund": 4,
      "damage_or_defect": 1
    },
    "urgency_distribution": {
      "high": 1,
      "low": 4
    },
    "top_tools": [],
    "top_errors": [],
    "total_runtime": 1867.5344474315643
  },
  "raw_metrics": {
    "tickets_processed": 5,
    "tickets_resolved": 2,
    "tickets_escalated": 3,
    "tickets_failed": 0,
    "processing_times": [
      10.598782300949097,
      11.433944940567017,
      12.288138628005981,
      12.978190422058105,
      13.41910195350647
    ],
    "intent_distribution": {
      "refund": 4,
      "damage_or_defect": 1
    },
    "urgency_distribution": {
      "high": 1,
      "low": 4
    },
    "confidence_scores": [
      0.89,
      0.84,
      0.85,
      0.84,
      0.78
    ],
    "tool_call_counts": {},
    "error_counts": {},
    "start_time": 1776529734.0739083,
    "ticket_TKT-004_start": 1776531585.7782347,
    "ticket_TKT-001_start": 1776531586.4192393,
    "ticket_TKT-002_start": 1776531586.9961042,
    "ticket_TKT-003_start": 1776531587.6069357,
    "ticket_TKT-005_start": 1776531588.17973
  }
}