{
  "timestamp": "2026-04-18T22:57:10.117934",
  "summary": {
    "total_tickets": 35,
    "resolution_rate": 0.6571428571428571,
    "escalation_rate": 0.34285714285714286,
    "failure_rate": 0.0,
    "avg_processing_time": 10.69903632572719,
    "p95_processing_time": 14.281798219680786,
    "tickets_per_second": 0.024883626009413025,
    "avg_confidence": 0.8188571428571428,
    "intent_distribution": {
      "refund": 20,
      "clarification": 2,
      "damage_or_defect": 7,
      "cancellation": 4,
      "shipping_status": 2
    },
    "urgency_distribution": {
      "high": 3,
      "low": 32
    },
    "top_tools": [],
    "top_errors": [],
    "total_runtime": 1406.5474214553833
  },
  "raw_metrics": {
    "tickets_processed": 35,
    "tickets_resolved": 23,
    "tickets_escalated": 12,
    "tickets_failed": 0,
    "processing_times": [
      10.776621103286743,
      11.649627923965454,
      12.364639282226562,
      12.857693672180176,
      13.155871868133545,
      8.212257146835327,
      8.855040311813354,
      9.501003503799438,
      10.105079889297485,
      10.828836679458618,
      8.254079580307007,
      8.876727819442749,
      9.594609498977661,
      10.105873346328735,
      10.851826429367065,
      8.264708042144775,
      8.943646907806396,
      9.613276243209839,
      10.341617107391357,
      11.009044885635376,
      12.044740200042725,
      12.759995460510254,
      13.580012321472168,
      14.176929712295532,
      14.701272249221802,
      8.709105968475342,
      9.454617261886597,
      10.061119556427002,
      10.841426849365234,
      11.541876316070557,
      9.118630409240723,
      9.729641675949097,
      10.495489120483398,
      11.147095680236816,
      11.942237377166748
    ],
    "intent_distribution": {
      "refund": 20,
      "clarification": 2,
      "damage_or_defect": 7,
      "cancellation": 4,
      "shipping_status": 2
    },
    "urgency_distribution": {
      "high": 3,
      "low": 32
    },
    "confidence_scores": [
      0.89,
      0.55,
      0.89,
      0.84,
      0.85,
      0.84,
      0.78,
      0.72,
      0.85,
      0.84,
      0.85,
      0.95,
      0.94,
      0.85,
      0.88,
      0.84,
      0.35,
      0.7,
      0.72,
      0.72,
      0.89,
      0.89,
      0.84,
      0.85,
      0.84,
      0.78,
      0.72,
      0.85,
      0.84,
      0.85,
      0.95,
      0.94,
      0.85,
      0.88,
      0.84
    ],
    "tool_call_counts": {},
    "error_counts": {},
    "start_time": 1776531823.5705132,
    "ticket_TKT-004_start": 1776533185.0171611,
    "ticket_TKT-018_start": 1776531925.2968192,
    "ticket_TKT-011_start": 1776533185.8487437,
    "ticket_TKT-001_start": 1776533186.6034365,
    "ticket_TKT-002_start": 1776533187.2693114,
    "ticket_TKT-003_start": 1776533187.9053872,
    "ticket_TKT-005_start": 1776533202.609989,
    "ticket_TKT-006_start": 1776533203.0838804,
    "ticket_TKT-007_start": 1776533203.6448772,
    "ticket_TKT-008_start": 1776533204.1157765,
    "ticket_TKT-009_start": 1776533204.5775502,
    "ticket_TKT-010_start": 1776533216.1197731,
    "ticket_TKT-012_start": 1776533216.7066891,
    "ticket_TKT-013_start": 1776533217.2009103,
    "ticket_TKT-014_start": 1776533217.6949246,
    "ticket_TKT-015_start": 1776533218.1674893,
    "ticket_TKT-016_start": 1776531966.3214045,
    "ticket_TKT-017_start": 1776531966.7509208,
    "ticket_TKT-019_start": 1776531967.1946414,
    "ticket_TKT-020_start": 1776531967.638657
  }
}