{
  "timestamp": "2026-04-18T22:36:18.657407",
  "summary": {
    "total_tickets": 20,
    "resolution_rate": 0.65,
    "escalation_rate": 0.35,
    "failure_rate": 0.0,
    "avg_processing_time": 10.208104062080384,
    "p95_processing_time": 13.140962958335876,
    "tickets_per_second": 0.1289599624465307,
    "avg_confidence": 0.7925,
    "intent_distribution": {
      "refund": 12,
      "clarification": 1,
      "damage_or_defect": 4,
      "cancellation": 2,
      "shipping_status": 1
    },
    "urgency_distribution": {
      "high": 2,
      "low": 18
    },
    "top_tools": [],
    "top_errors": [],
    "total_runtime": 155.08689379692078
  },
  "raw_metrics": {
    "tickets_processed": 20,
    "tickets_resolved": 13,
    "tickets_escalated": 7,
    "tickets_failed": 0,
    "processing_times": [
      10.776621103286743,
      11.649627923965454,
      12.364639282226562,
      12.857693672180176,
      13.155871868133545,
      8.212257146835327,
      8.855040311813354,
      9.501003503799438,
      10.105079889297485,
      10.828836679458618,
      8.254079580307007,
      8.876727819442749,
      9.594609498977661,
      10.105873346328735,
      10.851826429367065,
      8.264708042144775,
      8.943646907806396,
      9.613276243209839,
      10.341617107391357,
      11.009044885635376
    ],
    "intent_distribution": {
      "refund": 12,
      "clarification": 1,
      "damage_or_defect": 4,
      "cancellation": 2,
      "shipping_status": 1
    },
    "urgency_distribution": {
      "high": 2,
      "low": 18
    },
    "confidence_scores": [
      0.89,
      0.55,
      0.89,
      0.84,
      0.85,
      0.84,
      0.78,
      0.72,
      0.85,
      0.84,
      0.85,
      0.95,
      0.94,
      0.85,
      0.88,
      0.84,
      0.35,
      0.7,
      0.72,
      0.72
    ],
    "tool_call_counts": {},
    "error_counts": {},
    "start_time": 1776531823.5705132,
    "ticket_TKT-004_start": 1776531924.6819706,
    "ticket_TKT-018_start": 1776531925.2968192,
    "ticket_TKT-011_start": 1776531925.9433532,
    "ticket_TKT-001_start": 1776531926.5341358,
    "ticket_TKT-002_start": 1776531927.2916393,
    "ticket_TKT-003_start": 1776531940.4475112,
    "ticket_TKT-005_start": 1776531940.958727,
    "ticket_TKT-006_start": 1776531941.3923662,
    "ticket_TKT-007_start": 1776531941.8677762,
    "ticket_TKT-008_start": 1776531942.300651,
    "ticket_TKT-009_start": 1776531953.1294878,
    "ticket_TKT-010_start": 1776531953.5857542,
    "ticket_TKT-012_start": 1776531954.0277758,
    "ticket_TKT-013_start": 1776531954.5514147,
    "ticket_TKT-014_start": 1776531954.9702797,
    "ticket_TKT-015_start": 1776531965.8221061,
    "ticket_TKT-016_start": 1776531966.3214045,
    "ticket_TKT-017_start": 1776531966.7509208,
    "ticket_TKT-019_start": 1776531967.1946414,
    "ticket_TKT-020_start": 1776531967.638657
  }
}